Id,CreatedAt,CreatedBy,ModifiedAt,ModifiedBy,Name,Symbol
3e47d254-bc7c-4b4f-4fef-383f2a5a9048,3/4/2024,SYSTEM,3/4/2024,SYSTEM,Afghani,AFN
b0629fca-a33c-4180-4e64-5a421dd82511,3/4/2024,SYSTEM,3/4/2024,SYSTEM,Algerian Dinar,DZD
df413b8c-f35f-48ad-4750-815b4364ac59,3/4/2024,SYSTEM,3/4/2024,SYSTEM,Andorran Peseta,ADP
92815b4b-a3bb-4592-4ad7-04d2f9c89a5f,3/4/2024,SYSTEM,3/4/2024,SYSTEM,Argentine Peso,ARS
41c86e86-b3a7-4e54-4b89-65e4c0d9103e,3/4/2024,SYSTEM,3/4/2024,SYSTEM,Armenian Dram,AMD
58aa689d-43f4-40ed-4115-e81db50be4d1,3/4/2024,SYSTEM,3/4/2024,SYSTEM,Aruban Florin,AWG
79dad9de-4b92-4a0d-42b7-c10555fac82f,3/4/2024,SYSTEM,3/4/2024,SYSTEM,Austral,ARA
0376c999-bac7-440b-4fd0-7203b48c2184,3/4/2024,SYSTEM,3/4/2024,SYSTEM,Australian Dollar,AUD
49ca7fa6-695c-4eb5-4f3d-8f677bbd3230,3/4/2024,SYSTEM,3/4/2024,SYSTEM,Azerbaijan Manat,AZN
ad5ce0fa-8577-4bf7-48f5-3c4bdc2e3e41,3/4/2024,SYSTEM,3/4/2024,SYSTEM,Azerbaijanian Manat,AZM
f666c621-38ce-4abe-40f1-cb9f6acf60bf,3/4/2024,SYSTEM,3/4/2024,SYSTEM,Bahamian Dollar,BSD
b73d23ee-2736-4d34-4500-1d592befd9b6,3/4/2024,SYSTEM,3/4/2024,SYSTEM,Bahraini Dinar,BHD
eaaea6db-07ad-48d9-4f5c-fdb7daeef0e5,3/4/2024,SYSTEM,3/4/2024,SYSTEM,Baht,THB
184ed23d-b77f-4281-4604-3954a1dabbb9,3/4/2024,SYSTEM,3/4/2024,SYSTEM,Balboa,PAB
05c50a79-25eb-44a1-4b43-e018912f947d,3/4/2024,SYSTEM,3/4/2024,SYSTEM,Barbados Dollar,BBD
08ad9e1f-2a72-43ff-4b49-9cb1c4c09396,3/4/2024,SYSTEM,3/4/2024,SYSTEM,Belgian Franc,BEF
d1d0a610-c9bc-4790-4466-0050ba40c130,3/4/2024,SYSTEM,3/4/2024,SYSTEM,Belize Dollar,BZD
46e80ae5-b333-455a-4ac6-a68bb4f133fe,3/4/2024,SYSTEM,3/4/2024,SYSTEM,Bermudian Dollar,BMD
37b4cca5-d77f-4821-4876-76f79da6fcbe,3/4/2024,SYSTEM,3/4/2024,SYSTEM,Bolivar,VEB
d43cada4-c46a-486b-4f0a-10114ca1d9ca,3/4/2024,SYSTEM,3/4/2024,SYSTEM,Boliviano,BOB
b97b57e8-6f06-43ef-4d03-f0bed395ecf6,3/4/2024,SYSTEM,3/4/2024,SYSTEM,Bol√≠var Soberano,VES
919480f6-5b71-4379-45ad-3da8789be35b,3/4/2024,SYSTEM,3/4/2024,SYSTEM,Brazilian Real,BRL
5253d140-e1ef-40f3-46be-1f9fbdd88878,3/4/2024,SYSTEM,3/4/2024,SYSTEM,Brunei Dollar,BND
9763e8f4-5a33-409e-43fb-41494df7841d,3/4/2024,SYSTEM,3/4/2024,SYSTEM,Bulgarian Lev,BGN
649e098e-9cb1-44aa-4e4f-63607167e7e2,3/4/2024,SYSTEM,3/4/2024,SYSTEM,Burundi Franc,BIF
40ad4ac6-8d3f-4d2d-4633-c0c095469697,3/4/2024,SYSTEM,3/4/2024,SYSTEM,Cabo Verde Escudo,CVE
e5a855c2-0ab0-41b3-4004-dc4e65317d44,3/4/2024,SYSTEM,3/4/2024,SYSTEM,Canadian Dollar,CAD
b3a54d75-7191-4544-4491-b757e9857969,3/4/2024,SYSTEM,3/4/2024,SYSTEM,Cayman Islands Dollar,KYD
e7e32255-c731-4444-485d-69d7f5f6de44,3/4/2024,SYSTEM,3/4/2024,SYSTEM,Cedi,GHC
ee1a29f5-8fa4-4898-4dca-7ff0f60377bc,3/4/2024,SYSTEM,3/4/2024,SYSTEM,CFA Franc BCEAO,XOF
ba2844e7-7883-4949-4224-5c1617a67dde,3/4/2024,SYSTEM,3/4/2024,SYSTEM,CFA Franc BEAC,XAF
cdcc41d9-c0b2-4a52-49c5-ff81f7001632,3/4/2024,SYSTEM,3/4/2024,SYSTEM,CFP Franc,XPF
af768e3b-cd32-4d42-43e5-dc0d27c28f02,3/4/2024,SYSTEM,3/4/2024,SYSTEM,Chilean Peso,CLP
a3badaca-ff98-4df3-42fe-a0bb29872f81,3/4/2024,SYSTEM,3/4/2024,SYSTEM,Colombian Peso,COP
3421c35f-2664-43eb-4965-16524ab7d690,3/4/2024,SYSTEM,3/4/2024,SYSTEM,Comorian Franc ,KMF
c7766902-96ee-4898-491c-137fdc87a621,3/4/2024,SYSTEM,3/4/2024,SYSTEM,Congolese Franc,CDF
37a9a232-8e21-4f3c-40b5-327a3a000f14,3/4/2024,SYSTEM,3/4/2024,SYSTEM,Convertible Franc,BEC
e1f1ce32-3125-4c4b-45ba-d7936fbc5ab6,3/4/2024,SYSTEM,3/4/2024,SYSTEM,Convertible Mark,BAM
23a9555c-45fc-45e5-489f-771fbc2e3076,3/4/2024,SYSTEM,3/4/2024,SYSTEM,Cordoba,NIC
5a115e1a-94d9-4577-4ba0-cf38f1fcb602,3/4/2024,SYSTEM,3/4/2024,SYSTEM,Cordoba Oro,NIO
101079db-6f99-4b1b-49e8-c79fb4f74fde,3/4/2024,SYSTEM,3/4/2024,SYSTEM,Costa Rican Colon,CRC
149e2f9b-d460-4024-49f6-6e31d4885c0d,3/4/2024,SYSTEM,3/4/2024,SYSTEM,Croatian Dinar,HRD
eeeff2e9-44b8-4573-4acd-2e4e2497fbc1,3/4/2024,SYSTEM,3/4/2024,SYSTEM,Croatian Kuna,HRK
a707ab9e-c0f1-47b1-4460-be596b283ad3,3/4/2024,SYSTEM,3/4/2024,SYSTEM,Cruzado,BRC
e5b982a1-745a-4a08-4868-a501125bbc33,3/4/2024,SYSTEM,3/4/2024,SYSTEM,Cruzeiro,BRB
6122eed5-4c58-491e-4b2a-278f7b37b6d4,3/4/2024,SYSTEM,3/4/2024,SYSTEM,Cruzeiro Real,BRR
5129bf07-c884-401e-4fe6-fa7202377cde,3/4/2024,SYSTEM,3/4/2024,SYSTEM,Cuban Peso,CUP
07a46689-5894-4829-43fe-67d6ff597e82,3/4/2024,SYSTEM,3/4/2024,SYSTEM,Cyprus Pound,CYP
94b67f1f-57e3-4b3a-4c14-1f3babb40843,3/4/2024,SYSTEM,3/4/2024,SYSTEM,Czech Koruna,CZK
add90442-8378-42a4-4bae-284da1b7f112,3/4/2024,SYSTEM,3/4/2024,SYSTEM,Dalasi,GMD
78991a40-6022-4da9-4d54-532b02bee51b,3/4/2024,SYSTEM,3/4/2024,SYSTEM,Danish Krone,DKK
be4ab863-0af1-42d1-4723-dac61a5243e7,3/4/2024,SYSTEM,3/4/2024,SYSTEM,Denar,MKD
eae53a1b-d95d-458b-40d6-3b047466158e,3/4/2024,SYSTEM,3/4/2024,SYSTEM,Deutsche Mark,DEM
d5aef744-d823-441e-4d6e-eb3dc9ad1123,3/4/2024,SYSTEM,3/4/2024,SYSTEM,Dinar,BAD
30ad7bc4-c6fa-480e-495e-52d4fca6556b,3/4/2024,SYSTEM,3/4/2024,SYSTEM,Djibouti Franc,DJF
937e9291-0b78-4c82-4525-75cbcafaabac,3/4/2024,SYSTEM,3/4/2024,SYSTEM,Dobra,STN
5a30d7bf-f8ea-4f10-49af-455ec3ac1071,3/4/2024,SYSTEM,3/4/2024,SYSTEM,Dominican Peso,DOP
ab8ff2f4-e1e7-40d0-4a90-84091730d612,3/4/2024,SYSTEM,3/4/2024,SYSTEM,Dong,VND
1749dacf-8084-4ab8-4160-222ebb9235db,3/4/2024,SYSTEM,3/4/2024,SYSTEM,Drachma,GRD
e823012e-6575-4447-4c07-1675e6f0f0ca,3/4/2024,SYSTEM,3/4/2024,SYSTEM,East Caribbean Dollar,XCD
0165ef0c-8ef4-4c7e-45f5-b55e61ef9d29,3/4/2024,SYSTEM,3/4/2024,SYSTEM,Egyptian Pound,EGP
ea3cab9a-8453-4b7f-4b1b-124685ff1bfb,3/4/2024,SYSTEM,3/4/2024,SYSTEM,Ekwele,GQE
43a6661d-7be3-4ee4-4cf1-2a2368a9b497,3/4/2024,SYSTEM,3/4/2024,SYSTEM,El Salvador Colon,SVC
5823932a-a220-420d-48d2-dae350432e5d,3/4/2024,SYSTEM,3/4/2024,SYSTEM,Ethiopian Birr,ETB
935e9dd0-2f7b-4ab2-4994-abd388b9211a,3/4/2024,SYSTEM,3/4/2024,SYSTEM,Euro,EUR
0197541b-3951-48ea-4295-d93914eba89e,3/4/2024,SYSTEM,3/4/2024,SYSTEM,Falkland Islands Pound,FKP
7dd014ac-7b61-4281-4f78-66dbe26e0281,3/4/2024,SYSTEM,3/4/2024,SYSTEM,Fiji Dollar,FJD
1c5b76ec-50aa-41bc-41c2-7928d95e0ee2,3/4/2024,SYSTEM,3/4/2024,SYSTEM,Financial Franc,BEL
38cd30c6-1e17-4cb2-439d-dd8f78ddc04e,3/4/2024,SYSTEM,3/4/2024,SYSTEM,Financial Rand,ZAL
8581eafe-e613-48e1-4904-164c984db77a,3/4/2024,SYSTEM,3/4/2024,SYSTEM,Forint,HUF
e366f208-9f3b-4b1d-4171-7b0c1c95ad56,3/4/2024,SYSTEM,3/4/2024,SYSTEM,French Franc,FRF
3038c96c-f139-4e5e-4a84-85c05f434fa3,3/4/2024,SYSTEM,3/4/2024,SYSTEM,Georgian Coupon,GEK
9f76fa83-39b2-40a6-485e-32f47b256f8c,3/4/2024,SYSTEM,3/4/2024,SYSTEM,Ghana Cedi,GHS
5428734a-68d4-4796-464f-d7785d4c9d13,3/4/2024,SYSTEM,3/4/2024,SYSTEM,Gibraltar Pound,GIP
0e215db2-007a-4524-4efa-e8462601c645,3/4/2024,SYSTEM,3/4/2024,SYSTEM,Gold,XAU
b341faf5-e05d-4259-4b1c-0433bb78276e,3/4/2024,SYSTEM,3/4/2024,SYSTEM,Gold-Franc,XFO
a4c5f4d3-5da2-4a3f-4741-fde7d8728a71,3/4/2024,SYSTEM,3/4/2024,SYSTEM,Gourde,HTG
8c91eed2-7aac-4812-44df-ae8fe62833d5,3/4/2024,SYSTEM,3/4/2024,SYSTEM,Guarani,PYG
aca2a287-a32d-4d4c-4949-e1a7549cc62d,3/4/2024,SYSTEM,3/4/2024,SYSTEM,Guinea Escudo,GWE
03322348-6f42-47a2-4d0b-b28e07108033,3/4/2024,SYSTEM,3/4/2024,SYSTEM,Guinea-Bissau Peso,GWP
a62a9f23-4f73-41fe-4139-af8b80700a09,3/4/2024,SYSTEM,3/4/2024,SYSTEM,Guinean Franc,GNF
9e5ec4f3-2b9f-4dba-4fe7-4ad264b77081,3/4/2024,SYSTEM,3/4/2024,SYSTEM,Guyana Dollar,GYD
13a8bc57-ded0-46cb-47ec-c168a6b46678,3/4/2024,SYSTEM,3/4/2024,SYSTEM,Hong Kong Dollar,HKD
6a0fc909-c041-4146-4d54-aa8ab7f1c3ea,3/4/2024,SYSTEM,3/4/2024,SYSTEM,Hryvnia,UAH
3994af59-73bd-4283-439b-be3c88994e3d,3/4/2024,SYSTEM,3/4/2024,SYSTEM,Iceland Krona,ISK
03d66476-22a5-405a-4ec6-c836727e6e28,3/4/2024,SYSTEM,3/4/2024,SYSTEM,Indian Rupee,INR
724257fe-286d-400c-4421-0c2c4c5eebdc,3/4/2024,SYSTEM,3/4/2024,SYSTEM,Inti,PEI
4279df72-6cc8-4359-4918-920a7b8cc760,3/4/2024,SYSTEM,3/4/2024,SYSTEM,Iranian Rial,IRR
34a18e7e-4e2f-4ef7-4aac-f813fe693f0f,3/4/2024,SYSTEM,3/4/2024,SYSTEM,Iraqi Dinar,IQD
70f6c9c7-54c4-4a0c-42ad-d35575a5f07a,3/4/2024,SYSTEM,3/4/2024,SYSTEM,Irish Pound,IEP
0117fd90-6736-4eff-4d86-791203117a9f,3/4/2024,SYSTEM,3/4/2024,SYSTEM,Italian Lira,ITL
5a9d0c24-192c-40f6-445e-c3958359d546,3/4/2024,SYSTEM,3/4/2024,SYSTEM,Jamaican Dollar,JMD
5508eb05-0789-410d-47d6-25cedfe8554f,3/4/2024,SYSTEM,3/4/2024,SYSTEM,Jordanian Dinar,JOD
6e614da5-33bb-4c66-4b7e-8612c8ece003,3/4/2024,SYSTEM,3/4/2024,SYSTEM,Karbovanet,UAK
9014ae50-fd1f-4f29-4058-9f2969ec0e76,3/4/2024,SYSTEM,3/4/2024,SYSTEM,Kenyan Shilling,KES
a9212122-72aa-47e5-481b-e9138ca2e520,3/4/2024,SYSTEM,3/4/2024,SYSTEM,Kina,PGK
d0a9df80-5ae8-4bcb-46ac-8a79ec9f4295,3/4/2024,SYSTEM,3/4/2024,SYSTEM,Koruna,CSK
3fb3c2f2-6e8d-4235-4915-79e072b44435,3/4/2024,SYSTEM,3/4/2024,SYSTEM,Krona A/53,CSJ
487723c6-2489-4ec2-4ab4-bcebb14b987b,3/4/2024,SYSTEM,3/4/2024,SYSTEM,Kroon,EEK
49b60f0c-8ac9-4bd3-455d-24e790634cc6,3/4/2024,SYSTEM,3/4/2024,SYSTEM,Kuwaiti Dinar,KWD
d2837897-bc0a-4ae2-445c-23f2e2d3dddb,3/4/2024,SYSTEM,3/4/2024,SYSTEM,Kwacha,MWK
de3a766a-5b77-442c-4d11-73afc76bc045,3/4/2024,SYSTEM,3/4/2024,SYSTEM,Kwanza,AOA
18d1cf3a-a6a1-4186-4325-171fa8ab6f37,3/4/2024,SYSTEM,3/4/2024,SYSTEM,Kwanza Reajustado,AOR
cdac0d62-da43-4d93-4308-a965338f73c5,3/4/2024,SYSTEM,3/4/2024,SYSTEM,Kyat,MMK
5764bb25-fd03-4268-4016-d9873ac9d2cb,3/4/2024,SYSTEM,3/4/2024,SYSTEM,Lao Kip,LAK
f37aca5c-4ca3-44c9-4469-6a62494ddcf4,3/4/2024,SYSTEM,3/4/2024,SYSTEM,Lari,GEL
b6319616-89a1-45b4-4ae8-6636f34de0e9,3/4/2024,SYSTEM,3/4/2024,SYSTEM,Latvian Lats,LVL
6e6cd31f-1589-42fe-4028-cd4bdf19be70,3/4/2024,SYSTEM,3/4/2024,SYSTEM,Latvian Ruble,LVR
9cf7ee0f-dfc2-45a9-4124-0f42b8ac2883,3/4/2024,SYSTEM,3/4/2024,SYSTEM,Lebanese Pound,LBP
638aa5e3-d30d-46cb-49c3-a2b2ca77b359,3/4/2024,SYSTEM,3/4/2024,SYSTEM,Lek,ALL
0cccc8f6-4380-446d-4c66-d654352e6405,3/4/2024,SYSTEM,3/4/2024,SYSTEM,Lempira,HNL
300ca4e9-6bf4-4710-45f5-0770717592be,3/4/2024,SYSTEM,3/4/2024,SYSTEM,Leone,SLL
865dc4a2-ca64-4177-452f-382f48b83160,3/4/2024,SYSTEM,3/4/2024,SYSTEM,Leu A/52,ROK
389b3537-e535-47d9-4027-ff1e5e854b6a,3/4/2024,SYSTEM,3/4/2024,SYSTEM,Lev,BGL
124a1b2a-2805-4a6d-42d4-aeee57f6dab7,3/4/2024,SYSTEM,3/4/2024,SYSTEM,Lev A/52,BGJ
064aba90-e7c8-4b20-464e-c703194cdd6c,3/4/2024,SYSTEM,3/4/2024,SYSTEM,Lev A/62,BGK
5835b52d-e88b-4334-410a-630ea8156bbc,3/4/2024,SYSTEM,3/4/2024,SYSTEM,Liberian Dollar,LRD
22bcb98e-9187-4887-4ab7-ee5215502293,3/4/2024,SYSTEM,3/4/2024,SYSTEM,Libyan Dinar,LYD
36a99efe-6bdf-426d-4687-702a9e2994d2,3/4/2024,SYSTEM,3/4/2024,SYSTEM,Lilangeni,SZL
bc52b280-66fb-40bb-4f76-e600e9e68581,3/4/2024,SYSTEM,3/4/2024,SYSTEM,Lithuanian Litas,LTL
0e5711ce-f703-4a62-452f-c1196143b807,3/4/2024,SYSTEM,3/4/2024,SYSTEM,Loti,LSL
bbf4d464-ed81-4b90-4707-88b17c9d0655,3/4/2024,SYSTEM,3/4/2024,SYSTEM,Luxembourg Convertible Franc,LUC
7e75514e-cc0b-4efb-4f8e-48d8b42fc715,3/4/2024,SYSTEM,3/4/2024,SYSTEM,Luxembourg Financial Franc,LUL
82ad2501-299c-4b26-4c77-b32f1e758e2a,3/4/2024,SYSTEM,3/4/2024,SYSTEM,Luxembourg Franc,LUF
e2058363-08cd-4760-4aa0-c9fd19ee37ff,3/4/2024,SYSTEM,3/4/2024,SYSTEM,Malagasy Ariary,MGA
5b95d002-2b60-435f-4c59-f34e6181b5b2,3/4/2024,SYSTEM,3/4/2024,SYSTEM,Malagasy Franc,MGF
441aad4f-4a4c-491d-44c5-f9dae21e4b8f,3/4/2024,SYSTEM,3/4/2024,SYSTEM,Malaysian Ringgit,MYR
29f06a24-d95c-44b9-4525-d4ddad491361,3/4/2024,SYSTEM,3/4/2024,SYSTEM,Maldive Rupee,MVQ
c1997c94-2fbf-46ab-4ac3-103a840dab0f,3/4/2024,SYSTEM,3/4/2024,SYSTEM,Mali Franc,MLF
14e4c1be-b642-49a8-469c-827cdf0d43aa,3/4/2024,SYSTEM,3/4/2024,SYSTEM,Maltese Lira,MTL
42dd5963-c363-473d-4281-f1f61ca45826,3/4/2024,SYSTEM,3/4/2024,SYSTEM,Maltese Pound,MTP
82b90459-3ad9-4e69-4a55-5ef55624f431,3/4/2024,SYSTEM,3/4/2024,SYSTEM,Mark der DDR,DDM
d3c637e3-a265-4e79-4623-2fdbccf17acd,3/4/2024,SYSTEM,3/4/2024,SYSTEM,Markka,FIM
3d155583-9995-4a88-4f3c-632e4ac06905,3/4/2024,SYSTEM,3/4/2024,SYSTEM,Mauritius Rupee,MUR
b7e344d5-2444-45c3-42f2-337e1e88ed60,3/4/2024,SYSTEM,3/4/2024,SYSTEM,Mexican Peso,MXN
d2d3b79f-bb3a-46b1-4ff8-82d9860f3571,3/4/2024,SYSTEM,3/4/2024,SYSTEM,Mexican Unidad de Inversion (UDI),MXV
0c22ddcc-e39b-4baf-4e89-14f2b26e091c,3/4/2024,SYSTEM,3/4/2024,SYSTEM,Moldovan Leu,MDL
8958f53b-d174-4794-48d6-e1efbf671da7,3/4/2024,SYSTEM,3/4/2024,SYSTEM,Moroccan Dirham,MAD
f971251d-b499-457c-4808-9a773135b91e,3/4/2024,SYSTEM,3/4/2024,SYSTEM,Mozambique Escudo,MZE
ab689940-8375-42ad-4943-a2bb2e62b557,3/4/2024,SYSTEM,3/4/2024,SYSTEM,Mozambique Metical,MZN
93a70c97-1ab6-4608-435f-ff818cc5f676,3/4/2024,SYSTEM,3/4/2024,SYSTEM,Mvdol,BOV
7b13774a-dcd7-411f-4743-5b7c0009305c,3/4/2024,SYSTEM,3/4/2024,SYSTEM,Naira,NGN
1203e537-680c-49c3-42be-a0b6f3099bd7,3/4/2024,SYSTEM,3/4/2024,SYSTEM,Nakfa,ERN
1b68ca14-9c97-46dd-48cf-339c26ee6579,3/4/2024,SYSTEM,3/4/2024,SYSTEM,Namibia Dollar,NAD
a2e4aedd-da5b-4bdd-4178-dc0961de1531,3/4/2024,SYSTEM,3/4/2024,SYSTEM,Nepalese Rupee,NPR
defe0315-131d-4c2b-4492-e95aa56c8e4f,3/4/2024,SYSTEM,3/4/2024,SYSTEM,Netherlands Antillean Guilder,ANG
e6755e53-065b-45c5-40bb-817de974fe57,3/4/2024,SYSTEM,3/4/2024,SYSTEM,Netherlands Guilder,NLG
ca0c7d3f-d71e-4366-4fe5-d73d64b8fadd,3/4/2024,SYSTEM,3/4/2024,SYSTEM,New Cruzado,BRN
9322cd26-b488-47d3-4964-2f8456de1ecf,3/4/2024,SYSTEM,3/4/2024,SYSTEM,New Dinar,YUM
99857c88-ac3d-47f4-4fb4-b3a9eb311acc,3/4/2024,SYSTEM,3/4/2024,SYSTEM,New Israeli Sheqel,ILS
d702e989-3693-4b1d-4c42-ef07fb083b81,3/4/2024,SYSTEM,3/4/2024,SYSTEM,New Kwanza,AON
857e6131-b3a9-4af1-4468-010bc9da4642,3/4/2024,SYSTEM,3/4/2024,SYSTEM,New Romanian Leu ,RON
649422da-2b36-4935-496c-e1ccbcdf2eba,3/4/2024,SYSTEM,3/4/2024,SYSTEM,New Taiwan Dollar,TWD
eb0e7610-7dce-4637-42f9-3d0d62b7f213,3/4/2024,SYSTEM,3/4/2024,SYSTEM,New Turkish Lira,TRY
00561182-fe84-4510-403d-871bb4f53109,3/4/2024,SYSTEM,3/4/2024,SYSTEM,New Yugoslavian Dinar,YUD
7af37512-2585-4516-4911-33572ad01e00,3/4/2024,SYSTEM,3/4/2024,SYSTEM,New Zaire,ZRN
d10f8c3e-40f6-4704-4e71-57b5c1d462c0,3/4/2024,SYSTEM,3/4/2024,SYSTEM,New Zealand Dollar,NZD
1b32b4a4-fa62-46de-421c-d63f3c1fa20b,3/4/2024,SYSTEM,3/4/2024,SYSTEM,Ngultrum,BTN
774b0078-0d71-4ce5-4c1f-aed256eb14ba,3/4/2024,SYSTEM,3/4/2024,SYSTEM,North Korean Won,KPW
0e92e48d-d473-4c90-451a-2d2bf561e4bb,3/4/2024,SYSTEM,3/4/2024,SYSTEM,Norwegian Krone,NOK
b73ffe6d-f171-479a-4ee0-34a61fc047cb,3/4/2024,SYSTEM,3/4/2024,SYSTEM,Nuevo Sol ,PEN
6c52b2b5-bb8b-4065-458f-bcc5f6a0601a,3/4/2024,SYSTEM,3/4/2024,SYSTEM,Old Dong,VNC
d401dd97-c09d-41fd-4e23-e928600121e2,3/4/2024,SYSTEM,3/4/2024,SYSTEM,Old Krona,ISJ
4d3135fb-e787-44c4-49de-7b30102522e1,3/4/2024,SYSTEM,3/4/2024,SYSTEM,Old Lek,ALK
7284cfdc-0833-422c-4a33-1b262e68fdca,3/4/2024,SYSTEM,3/4/2024,SYSTEM,Old Leu,ROL
ef404e86-1486-4a86-4a55-94c172b9cce5,3/4/2024,SYSTEM,3/4/2024,SYSTEM,Old Shekel,ILR
32e38c51-8a37-4bb0-4551-cfa1c6ebb64a,3/4/2024,SYSTEM,3/4/2024,SYSTEM,Old Shilling,UGW
ade20ba4-dd9a-445f-4bf2-0ae273a93591,3/4/2024,SYSTEM,3/4/2024,SYSTEM,Old Turkish Lira,TRL
eb79cbd3-e942-43e2-4f7a-cc8dd0b30761,3/4/2024,SYSTEM,3/4/2024,SYSTEM,Old Uruguay Peso,UYN
b140e3d0-49cb-4e42-4e2e-85079cd56635,3/4/2024,SYSTEM,3/4/2024,SYSTEM,Ouguiya,MRU
bce4fc2a-2e7c-4f85-4f69-2e72d4c13dd8,3/4/2024,SYSTEM,3/4/2024,SYSTEM,Pa'anga,TOP
1050752a-e5fd-4f23-4377-784da3ba3711,3/4/2024,SYSTEM,3/4/2024,SYSTEM,Pakistan Rupee,PKR
72a3dd60-3eca-446e-4035-aca119a2352c,3/4/2024,SYSTEM,3/4/2024,SYSTEM,Palladium,XPD
eb42a4e6-5580-43cf-4774-d70fb4d0aa89,3/4/2024,SYSTEM,3/4/2024,SYSTEM,Pataca,MOP
7f78b505-9928-4715-4874-b77c532c2e7a,3/4/2024,SYSTEM,3/4/2024,SYSTEM,Pathet Lao Kip,LAJ
c267b7c7-1fa4-4f05-4fd8-be007d6e7879,3/4/2024,SYSTEM,3/4/2024,SYSTEM,Peso,ARY
5f5c52f4-496a-4c37-486c-32b962460233,3/4/2024,SYSTEM,3/4/2024,SYSTEM,Peso Argentino,ARP
84c05428-e10b-4972-45d3-5326fabf4cad,3/4/2024,SYSTEM,3/4/2024,SYSTEM,Peso boliviano,BOP
2b56d748-83d5-43f9-4c34-baa8611ad0b9,3/4/2024,SYSTEM,3/4/2024,SYSTEM,Peso Convertible,CUC
eb2d026d-551a-43b8-4ce4-53d30121a2e0,3/4/2024,SYSTEM,3/4/2024,SYSTEM,Peso Uruguayo,UYU
978387a6-5506-4ff2-4a51-48338eaf3f8f,3/4/2024,SYSTEM,3/4/2024,SYSTEM,Philippine Peso,PHP
2bdff99f-df06-4869-44e6-d57aa4401968,3/4/2024,SYSTEM,3/4/2024,SYSTEM,Platinum,XPT
a0af000d-313f-4bc3-4eae-c08b6e1fd53d,3/4/2024,SYSTEM,3/4/2024,SYSTEM,Portuguese Escudo,PTE
3800f91b-8d8d-497e-4957-18d2308b7dae,3/4/2024,SYSTEM,3/4/2024,SYSTEM,Pound,ILP
a0349951-87e8-49b2-4741-86da373e1ab2,3/4/2024,SYSTEM,3/4/2024,SYSTEM,Pound Sterling,GBP
e27a81f6-8a1c-4659-4d1f-54dc37eebdc6,3/4/2024,SYSTEM,3/4/2024,SYSTEM,Pula,BWP
9889140f-ea8f-49ea-40dd-e017581f1dd5,3/4/2024,SYSTEM,3/4/2024,SYSTEM,Qatari Rial,QAR
1cadbd7b-4f56-4417-42f7-c404a65aa871,3/4/2024,SYSTEM,3/4/2024,SYSTEM,Quetzal,GTQ
e9765da3-093f-431a-41c5-f86218ed3244,3/4/2024,SYSTEM,3/4/2024,SYSTEM,Rand,ZAR
f7dcee53-2158-4bd6-44bd-062583c9c88b,3/4/2024,SYSTEM,3/4/2024,SYSTEM,Rhodesian Dollar,RHD
41de4b4e-288d-4ce1-4dae-f3bc507b59c7,3/4/2024,SYSTEM,3/4/2024,SYSTEM,Rial Omani,OMR
9e574312-87c3-4765-447c-66a90e8410e5,3/4/2024,SYSTEM,3/4/2024,SYSTEM,Riel,KHR
e57f3fcb-050e-46c6-4feb-200ac67d2a79,3/4/2024,SYSTEM,3/4/2024,SYSTEM,RINET Funds Code,XRE
ee6e1c99-435d-47bf-401a-8bab7c509a1d,3/4/2024,SYSTEM,3/4/2024,SYSTEM,Rouble,SUR
e054ac49-ca05-4472-4f75-31b85747abe4,3/4/2024,SYSTEM,3/4/2024,SYSTEM,Rufiyaa,MVR
0b53ee41-b28c-47a3-487f-3ac115b6093a,3/4/2024,SYSTEM,3/4/2024,SYSTEM,Rupiah,IDR
54daf98b-79fe-46ce-4a64-0a7809e9e856,3/4/2024,SYSTEM,3/4/2024,SYSTEM,Russian Ruble,RUB
1888d278-bbbc-4694-4eac-525e3a4eceb6,3/4/2024,SYSTEM,3/4/2024,SYSTEM,Rwanda Franc,RWF
e5342ebc-b9e9-4284-4957-3870add4f0bf,3/4/2024,SYSTEM,3/4/2024,SYSTEM,Saint Helena Pound,SHP
dda4d049-28b2-4bed-4f63-c8c91abcd297,3/4/2024,SYSTEM,3/4/2024,SYSTEM,Saudi Riyal,SAR
e2111bf2-10ec-4303-4ebe-149158d5dd82,3/4/2024,SYSTEM,3/4/2024,SYSTEM,Schilling,ATS
b99b7cf9-e1e1-437d-4ceb-7a967b2eecef,3/4/2024,SYSTEM,3/4/2024,SYSTEM,SDR (Special Drawing Right),XDR
e9d0a708-f18a-4c3d-4742-4c0d6e874499,3/4/2024,SYSTEM,3/4/2024,SYSTEM,Serbian Dinar,RSD
b91a1420-f80b-4245-41a8-91f8695279d4,3/4/2024,SYSTEM,3/4/2024,SYSTEM,Seychelles Rupee,SCR
30c12ba9-a0e0-431c-4324-2cc8b978387e,3/4/2024,SYSTEM,3/4/2024,SYSTEM,Silver,XAG
bc1e6bce-16cf-4184-4cc8-b222cdc7422e,3/4/2024,SYSTEM,3/4/2024,SYSTEM,Singapore Dollar,SGD
a9e30358-ba85-4dfa-4875-5503c7341eb4,3/4/2024,SYSTEM,3/4/2024,SYSTEM,Slovak Koruna,SKK
88d9f98e-9910-487a-49dc-df90d9e3f906,3/4/2024,SYSTEM,3/4/2024,SYSTEM,Sol,PEH
8cde4c31-6c99-4024-4b50-2f0869f5b753,3/4/2024,SYSTEM,3/4/2024,SYSTEM,Solomon Islands Dollar,SBD
bc8f64ca-8473-4f1c-4615-f168952121ab,3/4/2024,SYSTEM,3/4/2024,SYSTEM,Som,KGS
37eee851-fd74-4da8-45ed-a04891bfbdb2,3/4/2024,SYSTEM,3/4/2024,SYSTEM,Somali Shilling,SOS
459c2333-5385-4174-467e-d351a3a4a7d7,3/4/2024,SYSTEM,3/4/2024,SYSTEM,Somoni,TJS
f113fc88-4a56-45c2-4854-d636feb089c6,3/4/2024,SYSTEM,3/4/2024,SYSTEM,South Sudanese Pound,SSP
b431ecdf-e8ea-456a-4ea2-083f0b4948a7,3/4/2024,SYSTEM,3/4/2024,SYSTEM,Spanish Peseta,ESP
fd6ad725-25d8-43a0-4a6e-19ce777cf214,3/4/2024,SYSTEM,3/4/2024,SYSTEM,Sri Lanka Rupee,LKR
758d3306-2e5e-45b3-463d-72dde773b3ac,3/4/2024,SYSTEM,3/4/2024,SYSTEM,Sucre,XSU
ebe5c130-1c16-49b2-47b0-edb993e8383f,3/4/2024,SYSTEM,3/4/2024,SYSTEM,Sudanese Dinar,SDD
c911beef-03db-4e2c-473a-98e56546f26f,3/4/2024,SYSTEM,3/4/2024,SYSTEM,Sudanese Pound,SDG
479f4db5-e979-4490-430b-0de78f20bbb7,3/4/2024,SYSTEM,3/4/2024,SYSTEM,Surinam Dollar,SRD
d4df7e70-99b5-4efb-41f5-fa0749dd5e6a,3/4/2024,SYSTEM,3/4/2024,SYSTEM,Surinam Guilder,SRG
4535c3dd-a2e9-4ad5-4241-e3794b17d53a,3/4/2024,SYSTEM,3/4/2024,SYSTEM,Swedish Krona,SEK
0313facc-e870-4b35-4e78-743d362430e9,3/4/2024,SYSTEM,3/4/2024,SYSTEM,Swiss Franc,CHF
3ad71b32-beb9-4390-4924-52b35ebbb16f,3/4/2024,SYSTEM,3/4/2024,SYSTEM,Syli,GNE
bff42811-a747-4548-4bba-297351b01324,3/4/2024,SYSTEM,3/4/2024,SYSTEM,Syrian Pound,SYP
9f7bd5bb-7714-4c2e-4249-09b9a1c10ca9,3/4/2024,SYSTEM,3/4/2024,SYSTEM,Tajik Ruble,TJR
8c9cc011-1498-4e0b-4a65-a20537993ed9,3/4/2024,SYSTEM,3/4/2024,SYSTEM,Taka,BDT
49b8272a-3e35-4d1a-4af5-5a92765479c9,3/4/2024,SYSTEM,3/4/2024,SYSTEM,Tala,WST
eedebc6e-5941-447a-4838-2ddc4b3bdd45,3/4/2024,SYSTEM,3/4/2024,SYSTEM,Talonas,LTT
6a92b1f7-dc2f-42b0-4126-fba1da202e9c,3/4/2024,SYSTEM,3/4/2024,SYSTEM,Tanzanian Shilling,TZS
a7eb04e3-9e41-4b5a-40ae-58ecbb2ec18f,3/4/2024,SYSTEM,3/4/2024,SYSTEM,Tenge,KZT
4ac204f5-6962-4b62-4025-c824542527a6,3/4/2024,SYSTEM,3/4/2024,SYSTEM,The codes assigned for transactions where no currency is involved,XXX
1846b98f-2acb-4068-4ada-adb3e1d9625a,3/4/2024,SYSTEM,3/4/2024,SYSTEM,Timor Escudo,TPE
275f8948-2f02-4f9d-4bd5-6495870b358e,3/4/2024,SYSTEM,3/4/2024,SYSTEM,Tolar,SIT
aa888230-945b-4737-426e-544486fba9e8,3/4/2024,SYSTEM,3/4/2024,SYSTEM,Trinidad and Tobago Dollar,TTD
b65e0ccc-cdf5-4467-4e72-a0d178a9ceb1,3/4/2024,SYSTEM,3/4/2024,SYSTEM,Tugrik,MNT
02aa3208-b419-46f2-4107-13647a58e86f,3/4/2024,SYSTEM,3/4/2024,SYSTEM,Tunisian Dinar,TND
f9ef2b8b-9d9a-4b2e-4bbb-530d8f741795,3/4/2024,SYSTEM,3/4/2024,SYSTEM,Turkmenistan Manat,TMM
d8c2250e-4b95-4930-40c0-c3c9ef9b75f6,3/4/2024,SYSTEM,3/4/2024,SYSTEM,Turkmenistan New Manat,TMT
25089c38-e5a2-4d6e-4575-e2de927920ce,3/4/2024,SYSTEM,3/4/2024,SYSTEM,UAE Dirham,AED
431dc1a9-8c57-4619-4d0b-ab1d4de48ef1,3/4/2024,SYSTEM,3/4/2024,SYSTEM,Uganda Shilling,UGX
e6e9d23d-fbf4-452c-429b-e05423c48ff5,3/4/2024,SYSTEM,3/4/2024,SYSTEM,UIC-Franc,XFU
3b92424e-178b-4df4-4c70-8772ad3e4a1f,3/4/2024,SYSTEM,3/4/2024,SYSTEM,Unidad de Fomento,CLF
29821dc1-2dd6-467b-4a40-e5e04a63ff2f,3/4/2024,SYSTEM,3/4/2024,SYSTEM,Unidad de Valor Constante (UVC),ECV
8976b83c-9ed0-405e-48d6-49feb755486f,3/4/2024,SYSTEM,3/4/2024,SYSTEM,Unidad de Valor Real,COU
17feb8c7-6433-4075-4d1c-4546479ac444,3/4/2024,SYSTEM,3/4/2024,SYSTEM,Unidad Previsional,UYW
2e2a8ad3-fa72-4e88-459e-b62c9b30eae2,3/4/2024,SYSTEM,3/4/2024,SYSTEM,Uruguay Peso en Unidades Indexadas (UI),UYI
1fb3f966-8aff-44e6-4959-4ffb2827881c,3/4/2024,SYSTEM,3/4/2024,SYSTEM,Uruguayan Peso,UYP
d1f257e9-a4b4-4556-4329-951395d19e2e,3/4/2024,SYSTEM,3/4/2024,SYSTEM,US Dollar,USD
757a3b19-2eb9-4d97-425a-3e69e572936e,3/4/2024,SYSTEM,3/4/2024,SYSTEM,US Dollar (Next day),USN
f8a6f273-66a6-4f07-43f6-5e5e15f12b46,3/4/2024,SYSTEM,3/4/2024,SYSTEM,US Dollar (Same day),USS
8a47abe6-d91a-43f0-41f8-510e5f199c45,3/4/2024,SYSTEM,3/4/2024,SYSTEM,Uzbekistan Sum,UZS
3608ef05-1012-4d48-4c9b-f4ea9102df01,3/4/2024,SYSTEM,3/4/2024,SYSTEM,Vatu,VUV
507f7330-ca8c-48aa-4dd6-ef5ec52fb99b,3/4/2024,SYSTEM,3/4/2024,SYSTEM,WIR Euro,CHE
cbf08f06-4d51-4f74-471f-8714a0bff6ee,3/4/2024,SYSTEM,3/4/2024,SYSTEM,WIR Franc,CHW
604d4f37-126d-446a-4154-c74b3cef0f2a,3/4/2024,SYSTEM,3/4/2024,SYSTEM,WIR Franc (for electronic),CHC
6a98b5e7-c7a4-4922-4323-74ae28a92127,3/4/2024,SYSTEM,3/4/2024,SYSTEM,Won,KRW
dcd8ff85-c81b-468b-4cb3-c22b9f59db7c,3/4/2024,SYSTEM,3/4/2024,SYSTEM,Yemeni Dinar,YDD
9edde2f4-95d2-4205-4961-0b134e25971e,3/4/2024,SYSTEM,3/4/2024,SYSTEM,Yemeni Rial,YER
6c78575b-41a9-41eb-4382-a280e753d672,3/4/2024,SYSTEM,3/4/2024,SYSTEM,Yen,JPY
2779982f-609d-4e36-4eab-4b259e3a41d9,3/4/2024,SYSTEM,3/4/2024,SYSTEM,Yuan Renminbi,CNY
70e36814-e1c9-4e97-48da-9f5a38b65e21,3/4/2024,SYSTEM,3/4/2024,SYSTEM,Yugoslavian Dinar,YUN
19e2823d-ff66-4706-455b-ca60d6f4286e,3/4/2024,SYSTEM,3/4/2024,SYSTEM,Zaire,ZRZ
caf9ad22-a784-47a0-42d3-99debf1b5b72,3/4/2024,SYSTEM,3/4/2024,SYSTEM,Zambian Kwacha,ZMW
cb706f9a-0938-4495-48d1-5f7d0eb852de,3/4/2024,SYSTEM,3/4/2024,SYSTEM,Zimbabwe Dollar,ZWL
46ecd47c-e238-486e-4b37-da2fec497cf7,3/4/2024,SYSTEM,3/4/2024,SYSTEM,Zimbabwe Dollar (new),ZWN
fd9134ef-cb35-4e54-4f5a-44b586028803,3/4/2024,SYSTEM,3/4/2024,SYSTEM,Zloty,PLN
